,date_published,title,url,type
0,"Sat, 28 Feb 2026 00:00:00 GMT",EUA x Irã: relembre a cronologia dos protestos no Irã | G1,https://g1.globo.com/mundo/noticia/2026/02/28/da-greve-de-comerciantes-ao-ataque-dos-eua-veja-a-cronologia-dos-protestos-no-ira.ghtml,complementar
1,"Sat, 28 Feb 2026 00:00:00 GMT",Companhias aéreas suspendem voos para o Oriente Médio após ataques ao Irã e resposta militar do país | G1,https://g1.globo.com/mundo/noticia/2026/02/28/companhias-aereas-suspendem-voos-para-o-oriente-medio-apos-ataques-ao-ira-e-resposta-militar-do-pais.ghtml,complementar
2,"Mon, 02 Mar 2026 00:00:00 GMT",Grupo de médicos no Catar vive indefinição sobre retorno ao Brasil | G1,https://g1.globo.com/rs/rio-grande-do-sul/noticia/2026/03/02/grupo-de-medicos-no-catar-vive-indefinicao-sobre-retorno-ao-brasil-apos-tensao-no-oriente-medio-assustados-e-preocupados.ghtml,complementar
3,"Mon, 02 Mar 2026 00:00:00 GMT",Estados Unidos x Irã: veja o que é FATO e o que é FAKE na guerra | G1,https://g1.globo.com/fato-ou-fake/noticia/2026/03/02/veja-o-que-e-fato-e-o-que-e-fake-na-guerra-entre-estados-unidos-e-ira-no-oriente-medio.ghtml,complementar
4,"Mon, 02 Mar 2026 00:00:00 GMT",Guerra EUA e Israel x Irã: empresário brasileiro fica 'preso' no Egito | G1,https://g1.globo.com/sp/ribeirao-preto-franca/noticia/2026/03/02/empresario-brasileiro-fica-preso-no-egito-apos-pouso-forcado-em-meio-a-ataques-no-ira-estava-no-espaco-aereo-de-fogo-cruzado.ghtml,complementar
5,"Mon, 02 Mar 2026 00:00:00 GMT",Secretário de Trump diz que guerra contra Irã 'não será eterna' | G1,https://g1.globo.com/mundo/noticia/2026/03/02/secretario-trump-guerra-contra-ira-nao-sera-eterna-objetivos-eua-destruir-ameaca-nuclear.ghtml,complementar
6,"Mon, 02 Mar 2026 00:00:00 GMT",Brasileiros no Oriente Médio relatam medo após ataques no Irã | G1,https://g1.globo.com/mundo/noticia/2026/03/02/brasileiros-relatos-ataques-oriente-medio.ghtml,complementar
7,"Mon, 02 Mar 2026 00:00:00 GMT",EUA x Irã: brasileiro que voava à Tailândia conta sobre desvio de rota | G1,https://g1.globo.com/sp/sorocaba-jundiai/noticia/2026/03/02/brasileiro-que-viajava-para-tailandia-conta-sobre-desvio-de-rota-e-3-horas-dentro-de-aviao-por-conta-de-ataques-no-ira-foi-um-caos.ghtml,complementar
8,"Mon, 02 Mar 2026 00:00:00 GMT",Brasileiros em Dubai relatam tensão após alerta de mísseis | G1,https://g1.globo.com/sp/bauru-marilia/noticia/2026/03/02/brasileira-tensao-alerta-de-misseis-em-dubai.ghtml,complementar
9,"Mon, 02 Mar 2026 00:00:00 GMT",EUA afirmam que seis militares americanos morreram no conflito com o Irã | G1,https://g1.globo.com/mundo/noticia/2026/03/02/eua-afirmam-que-seis-militares-americanos-morreram-no-conflito-com-o-ira.ghtml,complementar
10,"Mon, 02 Mar 2026 00:00:00 GMT",Legendários não conseguem sair de Dubai após conflito no Oriente Médio | G1,https://g1.globo.com/am/amazonas/noticia/2026/03/02/grupo-de-legendarios-de-manaus-nao-consegue-sair-de-dubai-apos-conflito-no-oriente-medio.ghtml,complementar
11,"Mon, 02 Mar 2026 00:00:00 GMT","Grande leva de ataques ao Irã ainda está por vir, diz Trump | G1",https://g1.globo.com/mundo/noticia/2026/03/02/grande-leva-de-ataques-ao-ira-ainda-esta-por-vir-diz-trump.ghtml,complementar
12,"Mon, 02 Mar 2026 00:00:00 GMT","Guerra entre EUA, Israel e Irã fecha aeroportos no Oriente Médio | G1",https://g1.globo.com/mundo/noticia/2026/03/02/guerra-eua-israel-ira-fecha-aeroportos-oriente-medio.ghtml,complementar
13,"Tue, 03 Mar 2026 00:00:00 GMT",Guerra fecha espaço aéreo e brasileiros permanecem em Dubai | G1,https://g1.globo.com/sp/sao-jose-do-rio-preto-aracatuba/noticia/2026/03/03/guerra-no-oriente-medio-fecha-espaco-aereo-e-moradores-do-interior-de-sp-sao-obrigados-a-permanecer-em-dubai.ghtml,complementar
14,"Tue, 03 Mar 2026 00:00:00 GMT",Trump: Empresas dos EUA estão produzindo armas em caráter emergencial | G1,https://g1.globo.com/mundo/noticia/2026/03/03/trump-guerra-ira-empresas-eua-produzindo-novos-armamentos-sob-ordens-emergenciais.ghtml,complementar
15,"Tue, 03 Mar 2026 00:00:00 GMT","Vídeo de explosão apocalíptica é incêndio na Coreia do Sul, não no Irã | G1",https://g1.globo.com/fato-ou-fake/noticia/2026/03/03/e-fake-que-video-mostre-explosao-apocaliptica-no-ira-apos-ataque-dos-eua-cena-exibe-incendio-de-2025-na-coreia-do-sul.ghtml,complementar
16,"Tue, 03 Mar 2026 00:00:00 GMT","O que está por trás do confronto entre Israel, Irã e Estados Unidos? | G1",https://g1.globo.com/mundo/noticia/2026/03/03/o-que-esta-por-tras-do-confronto-entre-israel-ira-e-estados-unidos-e-o-que-esperar.ghtml,complementar
17,"Tue, 03 Mar 2026 00:00:00 GMT",FOTO: fumaça cobre ilha artificial em Dubai após míssil interceptado | G1,https://g1.globo.com/mundo/noticia/2026/03/03/imagem-aerea-mostra-incendio-proximo-a-famosa-ilha-artificial-em-formato-de-palmeira-em-dubai-apos-interceptacao-de-missil.ghtml,complementar
18,"Tue, 03 Mar 2026 00:00:00 GMT","Sobe para 787 número de mortos no Irã por ataques dos EUA e de Israel, diz mídia estatal iraniana | G1",https://g1.globo.com/mundo/noticia/2026/03/03/sobe-para-787-mortos-ira-guerra-eua-israel.ghtml,complementar
19,"Tue, 03 Mar 2026 00:00:00 GMT",Guerra EUA e Israel x Irã: casal de Brasília tem viagem interrompida | G1,https://g1.globo.com/df/distrito-federal/noticia/2026/03/03/guerra-no-oriente-medio-casal-de-brasilia-tem-viagem-interrompida-e-fica-preso-em-oma.ghtml,complementar
20,"Tue, 03 Mar 2026 00:00:00 GMT",Brasileiros no Oriente Médio relatam tensão e mísseis em conflito | G1,https://g1.globo.com/mundo/noticia/2026/03/03/brasileiros-relatos-oriente-medio-guerra-eua-ira.ghtml,complementar
21,"Tue, 03 Mar 2026 00:00:00 GMT",Israel avança tropas e faz operação na fronteira com o Líbano | G1,https://g1.globo.com/mundo/noticia/2026/03/03/israel-faz-incursoes-militares-fronteira-libano-diz-agencia-ministro-autoriza-avanco-terrestre.ghtml,complementar
22,"Tue, 03 Mar 2026 00:00:00 GMT",Legendário impedido de deixar Dubai relembra dia do ataque | G1,https://g1.globo.com/am/amazonas/noticia/2026/03/03/legendario-impedido-de-deixar-dubai-apos-conflito-no-oriente-medio-relembra-dia-do-ataque-descemos-a-montanha-e-estourou-a-guerra.ghtml,complementar
23,"Wed, 04 Mar 2026 00:00:00 GMT",Atleta cearense em Israel relata rotina em meio a conflito | G1,https://g1.globo.com/ce/ceara/noticia/2026/03/04/atleta-cearense-em-israel-relata-rotina-em-meio-a-conflito-ficar-nessa-aflicao-vai-me-deixar-doente.ghtml,complementar
24,"Wed, 04 Mar 2026 00:00:00 GMT",Zé Felipe diz que cancelou viagem à Disney por causa de guerra | G1,https://g1.globo.com/go/goias/noticia/2026/03/04/ze-felipe-revela-que-cancelou-viagem-com-filhos-para-disney-por-causa-dos-conflitos-entre-eua-e-ira.ghtml,complementar
25,"Wed, 04 Mar 2026 00:00:00 GMT","Conflito EUA, Israel e Irã: brasileiro relata rotina sob bombardeios | G1",https://g1.globo.com/pa/para/noticia/2026/03/04/tu-nao-consegue-dormir-brasileiro-conta-rotina-sob-bombardeios-e-sirenes-de-emergencia-em-meio-ao-conflito-entre-eua-israel-e-ira.ghtml,complementar
26,"Wed, 04 Mar 2026 00:00:00 GMT",Brasileira fica retida em Hong Kong após cancelamento de voos | G1,https://g1.globo.com/sp/bauru-marilia/noticia/2026/03/04/conflito-no-oriente-medio-comissaria-brasileira-fica-retida-em-hong-kong-apos-cancelamento-de-voos-para-os-emirados-arabes.ghtml,complementar
27,"Thu, 05 Mar 2026 00:00:00 GMT",Governo Trump pede ajuda à Ucrânia para lidar com drones no Oriente Médio | G1,https://g1.globo.com/mundo/noticia/2026/03/05/governo-trump-pede-ajuda-a-ucrania-para-lidar-com-drones-no-oriente-medio.ghtml,complementar
28,"Thu, 05 Mar 2026 00:00:00 GMT",Libaneses fogem de Beirute em meio a ataques; mortos passam de 100 | G1,https://g1.globo.com/mundo/noticia/2026/03/05/libaneses-fogem-beirute-ataques-mortos-passam-100-hezbollah-nao-ira-se-render.ghtml,complementar
29,"Thu, 05 Mar 2026 00:00:00 GMT",X suspenderá monetização de vídeos de guerra feitos com IA sem aviso | G1,https://g1.globo.com/tecnologia/noticia/2026/03/05/x-suspendera-monetizacao-de-videos-de-guerra-feitos-com-ia-sem-aviso.ghtml,complementar
30,"Fri, 06 Mar 2026 00:00:00 GMT",Brasileiros retidos em navio em Dubai após ataques na região | G1,https://g1.globo.com/sp/mogi-das-cruzes-suzano/noticia/2026/03/06/casal-da-grande-sp-fica-retido-em-navio-de-cruzeiro-em-dubai-apos-ataques-na-regiao.ghtml,complementar
31,"Fri, 06 Mar 2026 00:00:00 GMT",Casal de Poá retido em cruzeiro em Dubai consegue voo de repatriação | G1,https://g1.globo.com/sp/mogi-das-cruzes-suzano/noticia/2026/03/06/casal-da-grande-sp-retido-em-navio-de-cruzeiro-em-dubai-consegue-voo-de-repatriacao.ghtml,complementar
32,"Fri, 06 Mar 2026 00:00:00 GMT",Foto de criança em míssil na Síria é real; veja imagens | G1,https://g1.globo.com/fato-ou-fake/noticia/2026/03/06/e-fato-foto-mostra-crianca-escalando-missil-na-siria-meio-a-conflito-no-oriente-medio.ghtml,complementar
33,"Sun, 08 Mar 2026 00:00:00 GMT",Casal retido em navio de cruzeiro em Dubai chega à Espanha | G1,https://g1.globo.com/sp/mogi-das-cruzes-suzano/noticia/2026/03/08/casal-da-grande-sp-retido-em-navio-de-cruzeiro-em-dubai-chega-a-espanha.ghtml,complementar
34,"Tue, 10 Mar 2026 00:00:00 GMT",Apostas em ataque dos EUA ao Irã levantam suspeitas de manipulação | G1,https://g1.globo.com/mundo/noticia/2026/03/10/apostas-ataque-eua-ira-levantam-suspeitas-informacao-privilegiada.ghtml,complementar
35,"Tue, 10 Mar 2026 00:00:00 GMT",Irã ameaça Trump: 'cuidado para não ser eliminado' | G1,https://g1.globo.com/mundo/noticia/2026/03/10/larijani-ameaca-trum-cuidado-para-nao-ser-eliminado.ghtml,complementar
36,"Wed, 11 Mar 2026 00:00:00 GMT",Vídeo de gato abandonado em Dubai é anterior à guerra no Irã | G1,https://g1.globo.com/fato-ou-fake/noticia/2026/03/11/nao-e-bem-assim-guerra-no-ira-causou-abandono-de-pets-mas-video-de-gato-sozinho-em-apartamento-de-dubai-e-de-janeiro.ghtml,complementar
37,"Thu, 12 Mar 2026 00:00:00 GMT",Casal de Poá retido em cruzeiro em Dubai retorna ao Brasil | G1,https://g1.globo.com/sp/mogi-das-cruzes-suzano/noticia/2026/03/12/casal-de-poa-retido-em-cruzeiro-em-dubai-desembarca-em-guarulhos.ghtml,complementar
38,"Mon, 23 Mar 2026 00:00:00 GMT",Netanyahu diz que discutiu com Trump possível acordo com o Irã | G1,https://g1.globo.com/mundo/noticia/2026/03/23/netanyahu-diz-que-discutiu-com-trump-possivel-acordo-com-o-ira-teera-nega-negociacoes.ghtml,complementar
39,"Mon, 23 Mar 2026 00:00:00 GMT","Após suspender ultimato, Trump reafirma que há diálogo com Irã | G1",https://g1.globo.com/mundo/noticia/2026/03/23/trump-diz-nao-reconhecer-mojtaba-khamenei-como-novo-lider-supremo-do-ira.ghtml,complementar
40,"Tue, 24 Mar 2026 00:00:00 GMT",Negociação EUA e Irã: Petróleo sobe com incertezas sobre acordo | G1,https://g1.globo.com/economia/noticia/2026/03/24/eua-dizem-que-situacao-de-negociacao-com-ira-e-fluida-e-preco-do-petroleo-volta-a-subir.ghtml,complementar
41,"Thu, 02 Apr 2026 00:00:00 GMT",Chefe do Pentágono pede saída do comandante do Exército dos EUA | G1,https://g1.globo.com/mundo/noticia/2026/04/02/chefe-do-pentagono-pede-saida-do-comandante-do-exercito-dos-eua-diz-site.ghtml,complementar
42,"Tue, 07 Apr 2026 00:00:00 GMT",Dia decisivo para guerra tem novos ataques e Trump renovando ultimato | G1,https://g1.globo.com/mundo/noticia/2026/04/07/em-dia-decisivo-para-a-guerra-israel-eua-e-ira-trocam-ataques-e-trump-dobra-aposta-em-ultimato.ghtml,complementar
43,"Tue, 07 Apr 2026 00:00:00 GMT",Ultimato de Trump para o Irã se aproxima do fim com promessa de ataque | G1,https://g1.globo.com/mundo/noticia/2026/04/07/acordo-ou-inferno-ultimato-de-trump-para-o-ira-se-aproxima-do-fim-com-promessa-de-bombardeios-a-pontes-e-usinas.ghtml,complementar
44,"Wed, 08 Apr 2026 00:00:00 GMT",Trump x Irã: da ameaça de extermínio ao cessar-fogo - O Assunto #1696 | G1,https://g1.globo.com/podcast/o-assunto/noticia/2026/04/08/trump-x-ira-da-ameaca-de-exterminio-ao-cessar-fogo-o-assunto-1695.ghtml,complementar
45,"Sat, 11 Apr 2026 00:00:00 GMT",O que se sabe sobre o 1º dia de negociações de paz entre Irã e EUA no Paquistão | G1,https://g1.globo.com/mundo/noticia/2026/04/11/o-que-se-sabe-sobre-o-1o-dia-de-negociacoes-de-paz-entre-ira-e-eua-no-paquistao.ghtml,complementar
46,"Thu, 16 Apr 2026 00:00:00 GMT","'Guerra não é videogame': embaixador do Brasil no Irã relata explosões, tremor de paredes e mortes no conflito | G1",https://g1.globo.com/mundo/noticia/2026/04/16/guerra-nao-e-videogame-embaixador-do-brasil-no-ira-relata-explosoes-tremor-de-paredes-e-mortes-no-conflito.ghtml,complementar
47,"Fri, 17 Apr 2026 00:00:00 GMT",EUA x Irã: quatro cenários possíveis do que vem pela frente no conflito | G1,https://g1.globo.com/mundo/noticia/2026/04/17/eua-x-ira-quatro-cenarios-possiveis-do-que-vem-pela-frente-no-conflito.ghtml,complementar
48,"Fri, 17 Apr 2026 00:00:00 GMT",Macron e Starmer realizam cúpula internacional sobre reabertura do Estreito de Ormuz sem presença dos Estados Unidos | G1,https://g1.globo.com/mundo/noticia/2026/04/17/macron-e-starmer-realizam-cupula-internacional-sobre-reabertura-do-estreito-de-ormuz-sem-presenca-dos-estados-unidos.ghtml,complementar
49,"Fri, 17 Apr 2026 00:00:00 GMT",Líderes europeus planejam missão para garantir que Estreito de Ormuz siga aberto; Trump alfineta | G1,https://g1.globo.com/mundo/noticia/2026/04/17/lideres-europeus-planejam-missao-para-garantir-que-estreito-de-ormuz-siga-aberto-trump-alfineta.ghtml,complementar
50,"Fri, 24 Apr 2026 00:00:00 GMT",EUA negam desejo de substituir Irã por Itália na Copa do Mundo | G1,https://g1.globo.com/mundo/noticia/2026/04/24/eua-negam-desejo-de-substituir-ira-por-italia-na-copa-do-mundo.ghtml,complementar
